epochs,AUC,sensitivity,selectivity
50.0,0.9295024824218432,0.8606741493443438,0.8606760098928277
