epochs,AUC,sensitivity,selectivity
50.0,0.9214516050094347,0.8368535618044868,0.8367683429513603
